fold,tipo,mae,rmse,r2
1,bosque,3.406076440014324,4.119841806468951,-0.028169314823285774
1,bosque,3.403080114903584,4.113835307017083,-0.02517347333035036
1,bosque,3.4115654687116015,4.119069511755357,-0.027783875120220403
1,bosque,3.411099161031227,4.115054704578946,-0.025781314535998856
1,bosque,3.387520026889715,4.101076940738606,-0.018824528510905658
1,bosque,3.3991900010662484,4.105343914912528,-0.02094570769941595
1,bosque,3.396070445175914,4.106243057080167,-0.021392966629251386
1,bosque,3.4036255864059917,4.111362087903739,-0.023941184587391806
1,bosque,3.3825317725494037,4.093599448642209,-0.015112670727615907
1,bosque,3.407149519940413,4.111426695040348,-0.0239733658579091
1,bosque,3.404358498326469,4.121428537085898,-0.02896145295617747
1,bosque,3.4076351186183578,4.125465609122441,-0.030978242016218127
1,bosque,3.4159870905008325,4.117231015509441,-0.026866602374084225
1,bosque,3.400192854583963,4.11670078017723,-0.026602130503715626
1,bosque,3.3999613704641742,4.112042220123793,-0.024279988603823854
1,bosque,3.3958926496541,4.106385814198703,-0.021463987097064097
1,bosque,3.4074969418688985,4.116502525001806,-0.026503253128124626
1,bosque,3.387310289991961,4.095507600863929,-0.01605924157185723
1,bosque,3.4227067062054886,4.129925457701552,-0.033208531941807395
1,bosque,3.409727199231633,4.1284498901552045,-0.032470360447030666
1,bosque,3.4127292368425706,4.134041230569995,-0.03526889386667609
1,bosque,3.412161197774195,4.1159353339751705,-0.026220399749698142
1,bosque,3.400886829350329,4.115821210615134,-0.02616349210319302
1,bosque,3.39917415729579,4.10901641254868,-0.0227731296287228
1,bosque,3.3969640219251893,4.105915837794742,-0.021230187098009612
1,bosque,3.4077692599607747,4.115722855397345,-0.026114448511331156
1,bosque,3.388876908980441,4.097103097315212,-0.01685105291432354
1,bosque,3.4306589966774883,4.139148190949673,-0.03782829886826966
1,bosque,3.4071135712827805,4.126161903166409,-0.031326287380191165
1,bosque,3.4246244924896834,4.146281985795211,-0.041408762239936836
1,bosque,3.4134362801545914,4.117345214418668,-0.026923567199122145
1,bosque,3.398070525279809,4.114242159452579,-0.025376259741724194
1,bosque,3.3992773143588377,4.110279467607439,-0.02340199901704887
1,bosque,3.396942502846085,4.1061753186774945,-0.021359268206422977
1,bosque,3.4076207149334796,4.115673624747438,-0.02608990070729944
1,bosque,3.388551046815462,4.096429881880854,-0.016516912637504655
1,bosque,3.394255241845618,4.1122959063436015,-0.024406375308930084
1,bosque,3.3922388445900937,4.104827218871307,-0.020688732683524114
1,bosque,3.400624887644294,4.111979027741017,-0.024248507314335033
1,bosque,3.3983619094467206,4.107190754222034,-0.021864484210074586
1,bosque,3.389482920341942,4.101263942515289,-0.018917443783379007
1,bosque,3.3920660803238225,4.102638001594358,-0.019600300247177627
1,bosque,3.3904066044190007,4.097147839984977,-0.016873262206208217
1,bosque,3.395287748155353,4.102118971908714,-0.01934233483659553
1,bosque,3.3808797399644326,4.094725790604278,-0.015671358165530558
1,bosque,3.4039193571725175,4.108174810416916,-0.02235420704033153
1,bosque,3.400114930278653,4.1158146091297505,-0.026160200318873672
1,bosque,3.3906976724179483,4.116942017121034,-0.02672245093986625
1,bosque,3.4033038269277007,4.112780139773469,-0.024647642488958343
1,bosque,3.3993939675337863,4.111427049928502,-0.023973542631598566
1,bosque,3.391393470977908,4.108521413975184,-0.022526724798465292
1,bosque,3.391976821368174,4.099102252787456,-0.017843627060057043
1,bosque,3.3973591091076925,4.105404307264112,-0.020975745507168853
1,bosque,3.3797605639641843,4.092502358410029,-0.014568640478920702
1,bosque,3.413946738246561,4.122630694306675,-0.029561804913024403
1,bosque,3.4068790056070717,4.12349377213331,-0.029992930106998106
1,bosque,3.3908555611152615,4.11619880325057,-0.0263517848065018
1,bosque,3.400962411380412,4.112076295582589,-0.024296964575029723
1,bosque,3.3998008462468854,4.111830200238444,-0.024174366085639276
1,bosque,3.391434209836459,4.107543485234794,-0.022040009913001368
1,bosque,3.39317489429228,4.099364587840519,-0.01797391149294847
1,bosque,3.3974145550542363,4.104700997140197,-0.0206259621399123
1,bosque,3.3812467109609776,4.093604878645372,-0.015115363745698218
1,bosque,3.4247775192250263,4.135231490734441,-0.03586512242191353
1,bosque,3.4033164603135506,4.121908269703688,-0.029201008292849995
1,bosque,3.3994108063482615,4.127722256221599,-0.03210644939792062
1,bosque,3.4025363267079225,4.114184672545346,-0.02534760547402537
1,bosque,3.3984081207065713,4.1111215624217845,-0.023821381593871704
1,bosque,3.3918820772057643,4.108686784015616,-0.02260904087856752
1,bosque,3.393408890299858,4.099779491183195,-0.018179983504107877
1,bosque,3.3973108239874947,4.104660224024068,-0.02060568592772216
1,bosque,3.381011546620106,4.093118771459545,-0.01487429232380455
1,bosque,3.3959767034064865,4.111031348239402,-0.023776448748156653
1,bosque,3.3834949147336006,4.096881449315038,-0.01674103522595427
1,bosque,3.4002756163738903,4.113235106946887,-0.02487435376985836
1,bosque,3.3968242856670585,4.1061236752775905,-0.02133357708057293
1,bosque,3.3886067020142887,4.101217369773848,-0.018894302863951218
1,bosque,3.393093415821593,4.10311917670272,-0.019839480528245357
1,bosque,3.386639745078905,4.090597934508847,-0.013624612088960042
1,bosque,3.3932143683789544,4.100590547754589,-0.01858287505090317
1,bosque,3.3813249723600243,4.094205087301284,-0.01541306013450261
1,bosque,3.402452251490436,4.1112085185458955,-0.02386469263651736
1,bosque,3.39278098963932,4.111873141583482,-0.02419575785151351
1,bosque,3.3977939744581205,4.124306447335434,-0.0303989606449504
1,bosque,3.4063854633262842,4.114447057298973,-0.025478394040516994
1,bosque,3.3976889306408236,4.110138497951025,-0.023331801282159947
1,bosque,3.392082208970648,4.10826542833217,-0.022399309614069773
1,bosque,3.3885135094114354,4.093087933405897,-0.014859000009203926
1,bosque,3.392599526068471,4.102034098132973,-0.019300154422857263
1,bosque,3.3810188768208507,4.093846076759629,-0.015234989909891583
1,bosque,3.4157687344461185,4.126224376831937,-0.03135751796338648
1,bosque,3.399555159512968,4.120123018441353,-0.02830968108121401
1,bosque,3.3964829483251417,4.123844388620152,-0.030168096058954763
1,bosque,3.4029431526038687,4.1136714681881354,-0.025091817228865
1,bosque,3.398690384376377,4.110674323298503,-0.023598635531219214
1,bosque,3.3919582649411213,4.107244891041316,-0.02189142274826894
1,bosque,3.3894381491201386,4.093423557485877,-0.015025439181000078
1,bosque,3.3932204936319943,4.1025195235787235,-0.019541412050849916
1,bosque,3.38223089642989,4.094125037017805,-0.015373353619102303
1,bosque,3.4199707086949434,4.131562342822246,-0.03402771323204146
1,bosque,3.399935041987832,4.1199400478201404,-0.028218350660974112
1,bosque,3.4008293396556617,4.129653477667389,-0.033072450629183736
1,bosque,3.403377033110037,4.114481138403958,-0.025495382754221696
1,bosque,3.3979323664414065,4.110345550073637,-0.02343490649800617
1,bosque,3.3923754541173867,4.108362054619481,-0.022447403785655018
1,bosque,3.3895981220747444,4.093700097188939,-0.015162588103446062
1,bosque,3.3932342300137157,4.102407321715426,-0.01948564491498761
1,bosque,3.38205665565989,4.093796192595012,-0.01521024846145469
1,xgb,3.4210488374541406,4.14001072065029,-0.038260876277250055
1,xgb,3.4614119724351533,4.207953816263579,-0.07261900350051498
1,xgb,3.499461393778016,4.27811717679689,-0.10868688218237899
1,xgb,3.445835846621974,4.197487668746487,-0.06728993946840012
1,xgb,3.537540919926702,4.337961018434097,-0.13992124527204286
1,xgb,3.5844605544797417,4.4072248005805195,-0.17661387193870004
1,xgb,3.4914080131621588,4.273734882705862,-0.10641667623903617
1,xgb,3.5854612803783548,4.4015394784453346,-0.17358016500976903
1,xgb,3.626456137214388,4.476345852205645,-0.2138103187138607
1,xgb,3.5270878988869336,4.324875466886599,-0.13305442457680727
1,xgb,3.617067629179987,4.44956159241062,-0.19932808386856404
1,xgb,3.6541383951699653,4.518812965853146,-0.23695041372553338
1,xgb,3.418631245489834,4.149371738842561,-0.042961427880790604
1,xgb,3.4674075793246835,4.233893241115488,-0.08588382407224682
1,xgb,3.47559252888167,4.284086906912213,-0.11178318787050312
1,xgb,3.449539092122292,4.221256958718044,-0.07941173914144795
1,xgb,3.523502862372366,4.332073458363029,-0.1368291011091285
1,xgb,3.5536356410201715,4.392525194437429,-0.16877813964233712
1,xgb,3.4959302735166484,4.2898735764021,-0.1147886669780005
1,xgb,3.5656961583766806,4.384696425416634,-0.1646156410290731
1,xgb,3.5858038720630465,4.428263336838203,-0.18787416326378836
1,xgb,3.5216872100116445,4.331312788694602,-0.13642990404898137
1,xgb,3.587725118309462,4.412690723941458,-0.17953419919169944
1,xgb,3.598436160152461,4.444441275188452,-0.1965694269614533
1,xgb,3.418447429631032,4.152028420700579,-0.04429739096232144
1,xgb,3.467047841370511,4.238961876955018,-0.08848532765353889
1,xgb,3.4835698118015213,4.277849351929784,-0.10854807129428545
1,xgb,3.4580960898172286,4.232641211986176,-0.08524169302171947
1,xgb,3.5218098236590016,4.325363141849856,-0.13330996646821802
1,xgb,3.517157439471913,4.329229976262689,-0.13533720936667804
1,xgb,3.497341151140174,4.295430998354317,-0.11767889852410685
1,xgb,3.54646546418975,4.358872025708114,-0.1509376439322525
1,xgb,3.5328451978917026,4.346767090047009,-0.1445540286881306
1,xgb,3.517937349624374,4.326763017509734,-0.13404366198195738
1,xgb,3.5564580734084252,4.369717497147676,-0.1566721506166424
1,xgb,3.5393493978344663,4.354245067700423,-0.1484954920714534
1,xgb,3.436118714663447,4.161724225123608,-0.04918036599242814
1,xgb,3.468491964599713,4.244211542236587,-0.0911830268136049
1,xgb,3.494619383292944,4.298353090478472,-0.1192000830527098
1,xgb,3.4891303875008406,4.245467505738339,-0.09182893657636582
1,xgb,3.5039974613254574,4.304175929157152,-0.12223442459049783
1,xgb,3.529663167437729,4.344139440114803,-0.14317066572873904
1,xgb,3.5085232241624067,4.286016570543002,-0.11278496528264603
1,xgb,3.513652785294721,4.321067680649201,-0.13106013374335235
1,xgb,3.5371347081904507,4.352696104323393,-0.14767851415461708
1,xgb,3.5223874891696334,4.308362468133303,-0.12441861184088632
1,xgb,3.520520557351664,4.328802095396476,-0.1351127976053761
1,xgb,3.5401758652966038,4.356616086016457,-0.1497466137752128
1,elastic,3.606037600197167,4.470764429625049,-0.21078527779705714
1,elastic,3.6058402782777685,4.471010155007681,-0.21091837756405574
1,elastic,3.605745528536951,4.471256000628202,-0.2110515497798806
1,elastic,3.605669110600041,4.471557814459912,-0.21121504945191227
1,elastic,3.605587616829677,4.472118414747696,-0.211518769138489
1,elastic,3.5899819213134316,4.445108855503513,-0.19692891700224435
1,elastic,3.586460654013121,4.442081788590407,-0.19529928300816657
1,elastic,3.583849857049953,4.440105818676137,-0.19423611028060916
1,elastic,3.5808410712873924,4.437994248087328,-0.19310050030788206
1,elastic,3.577871192812378,4.436694713786073,-0.19240187478781978
1,elastic,3.5774653596906316,4.427595121359424,-0.187515694963994
1,elastic,3.570062118956503,4.421070714751638,-0.18401847965174656
1,elastic,3.5660226725353166,4.415914089084596,-0.18125807168637165
1,elastic,3.561994231028949,4.408664380378257,-0.17738265786337015
1,elastic,3.556084131561248,4.3977537957886375,-0.1715622839875759
1,elastic,3.5297606863863633,4.357619436867206,-0.15027625974822767
1,elastic,3.508501306294973,4.3255641243253775,-0.1334152897564762
1,elastic,3.4982974703092804,4.307512713189716,-0.1239751087444736
1,elastic,3.4897500775645875,4.291798953902097,-0.11578956858905465
1,elastic,3.4829696678238338,4.271847687204252,-0.10543974921069288
2,bosque,3.3197917554345593,4.1236186187424035,-0.007641179274657572
2,bosque,3.3434089585114104,4.1481283226342045,-0.019655085224222768
2,bosque,3.3592103891034837,4.158219006939929,-0.024621919049628183
2,bosque,3.324740575113111,4.122892289639114,-0.007286241184742526
2,bosque,3.3461235633669535,4.152085497894043,-0.02160144665190966
2,bosque,3.3404496203187497,4.137723495038221,-0.01454626083493249
2,bosque,3.323523566390485,4.1141987704390575,-0.0030427978369891306
2,bosque,3.348964236276221,4.14908092476705,-0.020123458940770833
2,bosque,3.355290269533824,4.147407278302768,-0.01930063494549561
2,bosque,3.358148876369308,4.139314445270652,-0.015326594716526865
2,bosque,3.3623175611184606,4.160634169399463,-0.02581249946039943
2,bosque,3.35533222553479,4.155310892102542,-0.02318924980132686
2,bosque,3.3359185461627336,4.125753035810829,-0.008684575062281708
2,bosque,3.3673881307863227,4.171020495233532,-0.0309404299249203
2,bosque,3.342780852753096,4.1350810358762145,-0.013250842704787491
2,bosque,3.327259991081921,4.119746635496757,-0.005749763805817931
2,bosque,3.3468107560058957,4.149023935433098,-0.020095435502199166
2,bosque,3.337556291981229,4.136778160735899,-0.01408273260593873
2,bosque,3.355413223857754,4.15809023796326,-0.024558460404058513
2,bosque,3.3357009187551183,4.138027914840686,-0.014695550333825969
2,bosque,3.3741544131516275,4.170576077285028,-0.03072075034159849
2,bosque,3.3445511622526016,4.143124898251888,-0.017196776381213308
2,bosque,3.3604537684676834,4.164173914970171,-0.02755870435447938
2,bosque,3.347269437578906,4.138816277475149,-0.015082219672631458
2,bosque,3.33483241004767,4.126215362769662,-0.008910651706632189
2,bosque,3.360159300611185,4.157213981081439,-0.024126684394524478
2,bosque,3.332576035320099,4.133775188883149,-0.01261098020580853
2,bosque,3.3459119847020946,4.1370742934829945,-0.01422792475421053
2,bosque,3.3606785806412374,4.163428502786086,-0.02719085890014905
2,bosque,3.379773789258765,4.171512281549504,-0.031183551379627472
2,bosque,3.327248759462437,4.128442809540598,-0.010000222246241641
2,bosque,3.37384535758939,4.1741728053236855,-0.03249931556549024
2,bosque,3.3552510710457084,4.1454786547554425,-0.018352866859923322
2,bosque,3.335430045570925,4.127055341107567,-0.009321463686770226
2,bosque,3.368870558285449,4.169411975397869,-0.030145435807672927
2,bosque,3.3305079240893614,4.132567778574962,-0.012019531313027798
2,bosque,3.3242573535136173,4.121945081947126,-0.006823459424529554
2,bosque,3.3446934776466137,4.141140029234268,-0.016222382034579264
2,bosque,3.359187958200734,4.1542150749598425,-0.022649660583097253
2,bosque,3.323278425412576,4.1172308067415075,-0.004521765190508509
2,bosque,3.3383267074108973,4.137368245878338,-0.014372058167569923
2,bosque,3.3380721374682474,4.1346451270107645,-0.013037225732922764
2,bosque,3.326515602116145,4.118691417889593,-0.00523461128011915
2,bosque,3.346914106212162,4.14577576236567,-0.018498843358240258
2,bosque,3.350412435936596,4.14319557410398,-0.017231480554446232
2,bosque,3.353321284408443,4.140085361508999,-0.01570482384523819
2,bosque,3.3543942175982497,4.152762660623286,-0.021934699344388964
2,bosque,3.360392433681906,4.156901161770826,-0.02397256456740826
2,bosque,3.3343424794401857,4.118635030833055,-0.0052070870851237405
2,bosque,3.3532381222020944,4.149889394771704,-0.02052105040014074
2,bosque,3.348901214424631,4.140040616257114,-0.015682868876381928
2,bosque,3.332606432443562,4.1242720199233265,-0.007960532813248378
2,bosque,3.3422758720196706,4.1404967436405045,-0.015906686144457227
2,bosque,3.3426565746621235,4.141693385007509,-0.01649398361703791
2,bosque,3.3497925939080453,4.150270114220385,-0.020708308419373544
2,bosque,3.343734077053859,4.142088187331214,-0.01668778517445446
2,bosque,3.3693918742443754,4.16618110034876,-0.028549536113721352
2,bosque,3.338729773169967,4.129480580874908,-0.010508055859974164
2,bosque,3.3490271919309844,4.144932347068312,-0.018084479352592497
2,bosque,3.3549132121901057,4.142220540604561,-0.01675275921658126
2,bosque,3.336243404408022,4.128719768155647,-0.01013573951437996
2,bosque,3.3502824354679532,4.145589363108868,-0.018407259456722835
2,bosque,3.341293718220554,4.1401320811027835,-0.015727747809543224
2,bosque,3.3414238331746957,4.139377639125236,-0.01535759641586898
2,bosque,3.3619181021612414,4.162416170986804,-0.026691399596501686
2,bosque,3.3807808214053905,4.177599202684437,-0.03419507905629038
2,bosque,3.331982860657665,4.122539436381084,-0.007113833565185912
2,bosque,3.3561470662083757,4.153023686431215,-0.022063172717803337
2,bosque,3.3498127927782946,4.140486939861392,-0.015901875266161714
2,bosque,3.3349618152745273,4.127074807609207,-0.009330985247612889
2,bosque,3.350872741141732,4.148861187388063,-0.020015409315621513
2,bosque,3.3387573482818733,4.138524195892172,-0.014938953414856737
2,bosque,3.3343782528698007,4.1306101533335235,-0.011060957446989761
2,bosque,3.344571749895905,4.137977237890052,-0.014670697257675114
2,bosque,3.346951078744098,4.14390582646161,-0.017580270743734472
2,bosque,3.323796138011274,4.120478489954851,-0.0061071293880206046
2,bosque,3.3393545891457883,4.137495322232286,-0.014434370572275368
2,bosque,3.340003930439551,4.133547830413649,-0.012499595652508466
2,bosque,3.3334203459509677,4.126591884951461,-0.009094788761319306
2,bosque,3.339984038179565,4.1404061011783275,-0.01586220680724937
2,bosque,3.3410054015967274,4.13851986160282,-0.014936827518480245
2,bosque,3.3480778081327096,4.141464273105171,-0.016381525061043734
2,bosque,3.3518257716366637,4.153500606003563,-0.022297926938421808
2,bosque,3.3555647148490757,4.1550952427725525,-0.02308305108054176
2,bosque,3.335687673280898,4.122910939651673,-0.00729535417737881
2,bosque,3.3533274582508876,4.1516346019785315,-0.021379576987414328
2,bosque,3.349130850850967,4.1398639146771945,-0.015596169757115863
2,bosque,3.3333247059552256,4.129161539902524,-0.010351919506999652
2,bosque,3.3390007455344968,4.140181671295705,-0.01575208057750732
2,bosque,3.33979704505026,4.1392755772164955,-0.015307527025820722
2,bosque,3.350778562514646,4.151764139604386,-0.021443315327745127
2,bosque,3.352565502767193,4.150242985295089,-0.020694964406486216
2,bosque,3.363906623743729,4.1600552931939525,-0.025527073194313354
2,bosque,3.3426494575326835,4.13464383620891,-0.013036593209412084
2,bosque,3.348415202274448,4.145559017472365,-0.01839235006715656
2,bosque,3.3513865635578592,4.139349300538872,-0.01534369398755664
2,bosque,3.335913760612605,4.134086293987317,-0.012763402766057697
2,bosque,3.345198515866562,4.143813974569939,-0.01753516082046902
2,bosque,3.3384734789776846,4.14005777282352,-0.01569128699026523
2,bosque,3.3453164957163284,4.1387693248442865,-0.015059188686369795
2,bosque,3.3599261245674237,4.16103292961112,-0.026009139104659074
2,bosque,3.3749904295939253,4.171190984926318,-0.03102471064689416
2,bosque,3.3370377936536944,4.129268294986075,-0.010404163332699445
2,bosque,3.3533685377895117,4.1515625163676075,-0.02134410848469037
2,bosque,3.3503476380540116,4.140104076071118,-0.01571400651289978
2,bosque,3.3347016772679656,4.132613851765506,-0.012042097054773215
2,bosque,3.3468924022773088,4.146588312998384,-0.01889812350647646
2,bosque,3.33626556729351,4.137306892374773,-0.014341973913744033
2,xgb,3.3268267800207854,4.110671957519693,-0.0013238589856763294
2,xgb,3.3258081893531646,4.13221789548738,-0.011848173673971063
2,xgb,3.3133337903184956,4.1306330644380855,-0.011072173507909566
2,xgb,3.294815324601673,4.1046866306185805,0.0015899650644586316
2,xgb,3.3260749027031618,4.154047504491841,-0.0225671600755879
2,xgb,3.351729615204999,4.176274631804018,-0.03353936870601393
2,xgb,3.2923851621394253,4.11916213180712,-0.005464395409590761
2,xgb,3.3498245607428,4.186489667961006,-0.038601561584979516
2,xgb,3.4047905158023446,4.216014901708403,-0.053302701999388136
2,xgb,3.3014287364726163,4.138293891130903,-0.014825995868417818
2,xgb,3.378980884746629,4.219354599152064,-0.05497210103776928
2,xgb,3.454216562971777,4.267092885287228,-0.07897931013517545
2,xgb,3.32336649683868,4.118194849325346,-0.004992234386095751
2,xgb,3.337686368397304,4.147028685971823,-0.019114551561740578
2,xgb,3.35052549757925,4.168363753072847,-0.029627527904839024
2,xgb,3.3165200956824687,4.134374971450638,-0.012904847407933406
2,xgb,3.367855333146595,4.206263023579592,-0.048435641356896486
2,xgb,3.4187484030820885,4.242046024578846,-0.06634976126290315
2,xgb,3.3402396237769096,4.165630844371627,-0.028277858939384615
2,xgb,3.4085416380239995,4.244850444161557,-0.06776015645588118
2,xgb,3.4519908124086807,4.270382506176212,-0.08064358187766985
2,xgb,3.360431650057942,4.192147490715542,-0.04141069033935274
2,xgb,3.4438041363443648,4.2814059148704375,-0.08622985005084893
2,xgb,3.469759168065324,4.2910293322129585,-0.0911184270211216
2,xgb,3.32794244029895,4.119828283486509,-0.005789629490484893
2,xgb,3.3338499482797115,4.1313540595411835,-0.011425166231087136
2,xgb,3.3665972226331022,4.185535003965875,-0.03812794165759392
2,xgb,3.331889808583422,4.141255433201613,-0.016279022345155658
2,xgb,3.3911891912116485,4.1971856144982445,-0.04391532967011447
2,xgb,3.4237423048538416,4.247888628351386,-0.06928916814092512
2,xgb,3.351557399545397,4.162228124654701,-0.026598635594593523
2,xgb,3.4204540725062493,4.216149023505238,-0.053369719361225476
2,xgb,3.453355848282373,4.277789769250673,-0.0843957298667597
2,xgb,3.3699994058836076,4.183071292102055,-0.03690616457276086
2,xgb,3.443038511805895,4.236703146961689,-0.06366530743946641
2,xgb,3.4661114358780334,4.293758140040757,-0.09250662505217955
2,xgb,3.336956054174981,4.139566070481789,-0.015450040053864189
2,xgb,3.349698026569522,4.160561136251907,-0.025776486845469515
2,xgb,3.380902412391844,4.202816922425602,-0.046718423379643825
2,xgb,3.3489336780950327,4.158010444431748,-0.024519138336138724
2,xgb,3.409803714476475,4.217936045406151,-0.05426285367685901
2,xgb,3.4097796362273547,4.239858889415283,-0.06525045691344022
2,xgb,3.3739629862259846,4.183232960070281,-0.03698631513226269
2,xgb,3.4369899821372663,4.242809001829224,-0.0667333845293423
2,xgb,3.424534575063355,4.263197120698767,-0.07701003940620921
2,xgb,3.3961844746352865,4.202582451334152,-0.04660163582040289
2,xgb,3.4473512438284297,4.253722690500526,-0.07222831455340661
2,xgb,3.4292981847613846,4.270667325448656,-0.08078773682514861
2,elastic,3.371968052448388,4.14024002866184,-0.015780715569175152
2,elastic,3.3712355188738634,4.139936948817412,-0.015632003711498976
2,elastic,3.3708228221493837,4.139733753861776,-0.015532308359630154
2,elastic,3.3703627224697477,4.139511798491993,-0.01542341401045344
2,elastic,3.370026638038438,4.138737371248838,-0.015043515106656136
2,elastic,3.3727447177346908,4.144590153222998,-0.017916385963870907
2,elastic,3.371499994970845,4.1434993718723,-0.01738066201497057
2,elastic,3.3711627822815076,4.142938890581755,-0.01710544331265762
2,elastic,3.3708039114583825,4.142082085964024,-0.01668478997944889
2,elastic,3.370512697097179,4.141510638952406,-0.01640428302837682
2,elastic,3.3735503934863775,4.14613299116483,-0.018674372771783077
2,elastic,3.372858065427628,4.144778905996483,-0.018009103896894585
2,elastic,3.372523616795855,4.144149052044778,-0.01769972752130644
2,elastic,3.3720204814584216,4.144059692199306,-0.01765583889241551
2,elastic,3.3683918449446466,4.1409861424466765,-0.016146856797032205
2,elastic,3.370374255126604,4.141909184657061,-0.01659991360258184
2,elastic,3.3530916565389917,4.126981519328191,-0.009285355985823696
2,elastic,3.3436059998863485,4.119509629087955,-0.00563404684351454
2,elastic,3.3370385095883996,4.1131968604656866,-0.002554325464747098
2,elastic,3.3311950078267456,4.1054385267797615,0.0012241542258933924
3,bosque,3.238601076353879,3.860679258601664,0.00257414977715964
3,bosque,3.235076873919566,3.8554198155187063,0.005289905665040173
3,bosque,3.237439028868851,3.8607412269705663,0.002542129842349694
3,bosque,3.2207265153366644,3.839737539467425,0.013365598171479198
3,bosque,3.230129784833119,3.8556592269666994,0.005166364058936335
3,bosque,3.224128947029138,3.8493971601939245,0.008395205290304575
3,bosque,3.2279329866014277,3.8514249093307127,0.007350233686498897
3,bosque,3.2337303501828902,3.859411363848501,0.003229176137678369
3,bosque,3.2381054268604594,3.860443539559292,0.002695944452631438
3,bosque,3.2241691298319797,3.8476032736114676,0.009319200388830495
3,bosque,3.256785076548387,3.8845388595252524,-0.009792441375164218
3,bosque,3.233397248306234,3.8700390708566657,-0.0022680216678439002
3,bosque,3.238613455613575,3.8566495552718254,0.004655251236621916
3,bosque,3.250780260456713,3.87560624230443,-0.005153683113289675
3,bosque,3.224159184593633,3.8582891016174594,0.0038087855656923075
3,bosque,3.23225367704234,3.8507476181453617,0.007699327249528043
3,bosque,3.2494013026466155,3.8734018769592615,-0.004010586690486262
3,bosque,3.213968126002399,3.8375663840633814,0.014481055133058529
3,bosque,3.2300455292077648,3.857552933961667,0.004188899014040404
3,bosque,3.24210971105008,3.8621659320062487,0.001805822810285962
3,bosque,3.219276649057732,3.8583549871114995,0.0037747626560596936
3,bosque,3.2374356546886642,3.866201045974463,-0.0002810535358526156
3,bosque,3.238739082574789,3.8771636607989213,-0.005961690622956928
3,bosque,3.21923924483279,3.852499140937451,0.006796420753050869
3,bosque,3.214976586532844,3.8378160822764893,0.014352801807495208
3,bosque,3.247661302305872,3.869329482260917,-0.00190051490917309
3,bosque,3.222299165704865,3.84826412709918,0.008978858082546282
3,bosque,3.2571417473584505,3.8854933248880412,-0.010288732107365917
3,bosque,3.2316325865602664,3.867624772187587,-0.001017894975969158
3,bosque,3.229684088916578,3.8687784050249827,-0.0016151500925272178
3,bosque,3.22547085356967,3.862673334524991,0.0015435246495549837
3,bosque,3.231464980002227,3.8706990902830745,-0.0026099162906731976
3,bosque,3.219614851333331,3.8608883625210604,0.0024661007584072525
3,bosque,3.209069092007334,3.8373333653220123,0.014600733798698085
3,bosque,3.2446954535990895,3.8664134180979537,-0.00039094831027686183
3,bosque,3.224513805049943,3.854097854301714,0.005971928785267533
3,bosque,3.237047754952986,3.8591263113918512,0.0033764117922453485
3,bosque,3.2280743928423696,3.854465908450401,0.005782066649740236
3,bosque,3.2300584097802316,3.860047002779565,0.002900815951840774
3,bosque,3.228417259830769,3.847444578508162,0.009400920326387507
3,bosque,3.2261585011373626,3.8520384384479827,0.007033951761028723
3,bosque,3.238820217891823,3.8614069057957434,0.002198131740814402
3,bosque,3.227879124704887,3.847729438968877,0.009254229217159793
3,bosque,3.2294457555939284,3.853185905994135,0.006442282680885536
3,bosque,3.2336914540348887,3.862258812452419,0.0017578114938437972
3,bosque,3.2294064133359734,3.855807289450594,0.005089956700951581
3,bosque,3.2527508743534788,3.8825796942039337,-0.008774121561990755
3,bosque,3.237977463578872,3.873864999025593,-0.004250689457954815
3,bosque,3.2399360312195533,3.859347635136857,0.003262094316104025
3,bosque,3.2413759224377663,3.8661575057912345,-0.00025852383571822735
3,bosque,3.235667720755655,3.865414940339147,0.00012567473448910071
3,bosque,3.228461789847046,3.8532164584159783,0.006426526516717934
3,bosque,3.22928817086241,3.850835397118105,0.0076540871376766795
3,bosque,3.2236248674625956,3.8497336296911606,0.008221848614171523
3,bosque,3.2362904500270755,3.8661728502995696,-0.0002664637635103606
3,bosque,3.2381547192171043,3.865219447045311,0.0002268094304382906
3,bosque,3.2255884405205393,3.864793648673047,0.0004470703263772524
3,bosque,3.2343115362356722,3.8621493793239625,0.0018143790225039202
3,bosque,3.231797234532658,3.864553190146178,0.0005714462024537514
3,bosque,3.2308092696616995,3.8591779880941424,0.003349720483832197
3,bosque,3.2166812543568675,3.8374263154129244,0.014552995407494107
3,bosque,3.2283310700996006,3.8475276778428134,0.009358128799843324
3,bosque,3.228746807034938,3.8571930532107492,0.00437469375809818
3,bosque,3.257400777256058,3.882022696010196,-0.008484703132196847
3,bosque,3.2344769765497317,3.872173671062373,-0.0033739699607098217
3,bosque,3.2266936556973014,3.8665111708754596,-0.0004415338113172851
3,bosque,3.2261258738893237,3.8598106020898046,0.00302294281545612
3,bosque,3.2236929938470333,3.8563427037470865,0.004813632701694104
3,bosque,3.2365076355239837,3.8693132463709636,-0.001892106882691369
3,bosque,3.2090521077039385,3.8336812117598966,0.01647553409259994
3,bosque,3.229805321335886,3.850552596361004,0.007799835185428039
3,bosque,3.2291544992692605,3.8597502779544635,0.003054105644495486
3,bosque,3.2377711757965733,3.857949267997385,0.003984264566202267
3,bosque,3.2311288312846003,3.853702109986534,0.006176054771021677
3,bosque,3.2353281462801364,3.8640883977554346,0.0008118356237239999
3,bosque,3.2306672049029914,3.8500993445906966,0.008033406862061998
3,bosque,3.2301504681764754,3.855724017823532,0.005132929223828908
3,bosque,3.2356780327268275,3.8609321448100475,0.0024434766569143562
3,bosque,3.2295658320837606,3.8488446740290128,0.008679825760628201
3,bosque,3.232754171798119,3.853732302657156,0.006160482048624627
3,bosque,3.235191217430179,3.859608537682567,0.003127325297252681
3,bosque,3.2364071049285896,3.8623641551243337,0.001703356865844441
3,bosque,3.2453865742884815,3.875508431070113,-0.005102948298835841
3,bosque,3.234103358573561,3.868076953492315,-0.0012519756144204752
3,bosque,3.2392974225740234,3.858334341411361,0.0037854240454656685
3,bosque,3.2404427739356803,3.865573207729663,4.379439696911014e-05
3,bosque,3.2356614180915537,3.867438458420421,-0.0009214539126209953
3,bosque,3.228649067195331,3.853911669359621,0.0060679660918387945
3,bosque,3.228579034888196,3.8480839977311216,0.009071631254157664
3,bosque,3.2237237300137456,3.8517326861790817,0.007191577173122354
3,bosque,3.236854715307518,3.8647087305036076,0.0004909946753890448
3,bosque,3.2284714401594905,3.8601990789710494,0.002822247979298753
3,bosque,3.236471885833903,3.8714632148955017,-0.003005810942557696
3,bosque,3.23510839362183,3.861653005447514,0.0020709415619905025
3,bosque,3.233487410014527,3.8649682355311534,0.0003567613665893532
3,bosque,3.2282625022011864,3.85852868832808,0.0036850615106207574
3,bosque,3.218026614110991,3.839635400008766,0.013418087677509738
3,bosque,3.2281244031129983,3.8472645496777407,0.009493621971727095
3,bosque,3.2278723814326,3.8574758127609203,0.00422871564466365
3,bosque,3.2517504897670335,3.873306921329377,-0.003961361078416381
3,bosque,3.233512983559848,3.8727757085246735,-0.0036859991874969023
3,bosque,3.2317420022633487,3.8673014140523376,-0.0008505189931506951
3,bosque,3.2229325341773714,3.8533842525031248,0.0063399913398135554
3,bosque,3.2232443914170745,3.855658897694457,0.005166533975969223
3,bosque,3.2360078080594703,3.8703224630649355,-0.0024148136470893977
3,bosque,3.216529378260096,3.8407440585464547,0.012848272965460872
3,bosque,3.2290943141197026,3.849393653414701,0.00839701198229481
3,bosque,3.2298128531925907,3.8607072273810883,0.002559697975920372
3,xgb,3.2506322958031477,3.866725880630161,-0.0005526471695564972
3,xgb,3.2352924930806064,3.864190034498269,0.0007592718334386017
3,xgb,3.23089409442175,3.872764445529598,-0.003680161258900805
3,xgb,3.2508214168808087,3.8730355280935402,-0.00382067572485445
3,xgb,3.23916232585907,3.8858098767221256,-0.010453355619388427
3,xgb,3.244677995337921,3.91425690803948,-0.025302056097335823
3,xgb,3.244784355974522,3.8775234038643083,-0.006148375820078211
3,xgb,3.244152614048549,3.914044506081992,-0.025190785805078386
3,xgb,3.2614767981224317,3.949368095831121,-0.04377863204227794
3,xgb,3.2422764058015785,3.8888238492142952,-0.012021450717160542
3,xgb,3.264291015612025,3.9511061999935566,-0.04469756142636405
3,xgb,3.2909472353604374,4.000270787421298,-0.07085817456130972
3,xgb,3.2426155359566615,3.8645965695473543,0.000549009013275259
3,xgb,3.225607092688684,3.8588607925148337,0.003513548154837509
3,xgb,3.236034381957281,3.8896563038469676,-0.012454770480560873
3,xgb,3.2485398970493655,3.878128246742701,-0.006462292245671408
3,xgb,3.238385879263586,3.895991567204885,-0.015755520281278468
3,xgb,3.267669094663088,3.9361002940028307,-0.036777316583017416
3,xgb,3.2484817772495505,3.8910590704132977,-0.013185166016010497
3,xgb,3.2411869950845937,3.915640086426623,-0.026026804752065535
3,xgb,3.308753009556102,3.9911053528471436,-0.06595668808020916
3,xgb,3.2548638687652796,3.9059581478142804,-0.02095910351172292
3,xgb,3.2655317840122042,3.9536568937864764,-0.04604683606970128
3,xgb,3.321905646194406,4.019878926934237,-0.08138196129887576
3,xgb,3.243973075127115,3.8703021947089384,-0.0024043146526027126
3,xgb,3.250892176920054,3.8896437102921433,-0.012448214433948168
3,xgb,3.2497266020093645,3.9236377292113693,-0.030222377279227608
3,xgb,3.2542156208129156,3.895982162767817,-0.015750616473263035
3,xgb,3.275339047925002,3.9358266728932114,-0.03663317681098954
3,xgb,3.240866794878123,3.934004761193711,-0.03567367471059213
3,xgb,3.257406629672667,3.909989466751659,-0.023067644139307397
3,xgb,3.2859186631481663,3.9577801672469968,-0.04822982076538196
3,xgb,3.2668205969998625,3.975968491937305,-0.05788642229974039
3,xgb,3.2736594247169237,3.9346841197051305,-0.03603140405768501
3,xgb,3.3003780306602013,3.9816037501015398,-0.06088729506294199
3,xgb,3.280665543209128,3.996848623132443,-0.06902675600302666
3,xgb,3.249366552651334,3.8798391071131406,-0.007350502308689055
3,xgb,3.2707897230070464,3.9145493323620992,-0.025455257313198976
3,xgb,3.276767304965428,3.9473353300798264,-0.04270442910023031
3,xgb,3.2472393520835308,3.8963625313887116,-0.01594896364496856
3,xgb,3.286721566096455,3.947255927338866,-0.042662480418377724
3,xgb,3.299097878186881,3.982250776422576,-0.06123211982190169
3,xgb,3.26020516749142,3.9164169856548563,-0.026433991568574955
3,xgb,3.2983518522612902,3.971279820152457,-0.05539286248679942
3,xgb,3.3101061410238954,4.00031752541057,-0.0708831978924378
3,xgb,3.2724452002518842,3.9357454735838426,-0.03659040407899039
3,xgb,3.309452762814606,3.9895312350060412,-0.06511601343158935
3,xgb,3.314785630803327,4.011198585308283,-0.07671683065760448
3,elastic,3.2480884740785,3.880758067026484,-0.007827751150666362
3,elastic,3.2486545034025056,3.8814254918871027,-0.008174439672280487
3,elastic,3.2490881718283866,3.8819724001803717,-0.008458571267239812
3,elastic,3.249647823949571,3.8826551111074448,-0.008813311670358814
3,elastic,3.2508491745418406,3.8842758717096215,-0.009655717749254
3,elastic,3.2368092357123586,3.8669537267157215,-0.0006705653916885268
3,elastic,3.2349666595016684,3.864652816344896,0.0005199160274356185
3,elastic,3.233623870477714,3.8631812935105576,0.0012809043126421615
3,elastic,3.232324007891577,3.8618977743179737,0.0019444311223951738
3,elastic,3.2306499741050074,3.8602707139019623,0.002785237752254588
3,elastic,3.230674766559823,3.8608327750338844,0.0024948247195527573
3,elastic,3.2259502020825708,3.855686869467715,0.005152099422592538
3,elastic,3.222353431627754,3.8521172718619145,0.006993308498633666
3,elastic,3.2191625260765386,3.849273984110746,0.008458664598550714
3,elastic,3.21584720051772,3.847157585260909,0.009548698747910311
3,elastic,3.2145299135216976,3.84621787323721,0.010032497658796546
3,elastic,3.210367703598796,3.840295738528779,0.013078714798365088
3,elastic,3.211700550536709,3.837490636662465,0.014519959873415478
3,elastic,3.212867754395861,3.836530489678752,0.01501303589962133
3,elastic,3.2133998757734763,3.832735236715165,0.016960850821198692
4,bosque,3.1992341039341485,3.819089625387453,-0.019666556405183888
4,bosque,3.1976882022836737,3.8267014778109263,-0.023735215122251185
4,bosque,3.199658160527138,3.8352792935390982,-0.028329905432743052
4,bosque,3.1995130228473614,3.830860950748061,-0.02596194390869111
4,bosque,3.1975531779338757,3.833882123496174,-0.027580812640276342
4,bosque,3.2098925782318144,3.8449203186268845,-0.03350638131806205
4,bosque,3.206939000087946,3.8310840558357424,-0.026081449157124625
4,bosque,3.211783111076647,3.843667686443006,-0.03283308129385065
4,bosque,3.2065721509225695,3.8336745818460574,-0.02746956245667831
4,bosque,3.201223907146538,3.8215817666174927,-0.020997754375522648
4,bosque,3.220803017521307,3.846760345142197,-0.03449580841765565
4,bosque,3.2100269484583475,3.8571371434839894,-0.04008452835411269
4,bosque,3.205857132165545,3.8309160135073577,-0.025991437384067284
4,bosque,3.2076145671619796,3.84887824286597,-0.03563523965586213
4,bosque,3.2344124498010407,3.865619103312598,-0.044663911835099324
4,bosque,3.2135315042284995,3.8429793262789445,-0.03246317549320632
4,bosque,3.226273397464472,3.857345964621422,-0.040197149453863545
4,bosque,3.2164731259673123,3.8514498202768417,-0.03701959411788547
4,bosque,3.2114209373906437,3.8452552432329834,-0.033686443199770766
4,bosque,3.2077244285640987,3.8459599748414597,-0.034065371628853036
4,bosque,3.205519963529334,3.847308061639264,-0.034790420354796625
4,bosque,3.2096465382463575,3.8402224903209827,-0.030982391741731563
4,bosque,3.206795722138501,3.848999090528701,-0.03570027474144344
4,bosque,3.2185376202999247,3.8591447032629533,-0.04116749490508731
4,bosque,3.2206284375294856,3.8433386830852307,-0.032656275681891556
4,bosque,3.2069749387213586,3.843056429842488,-0.03250460553062884
4,bosque,3.2337313792152007,3.870946595646635,-0.04754535147118366
4,bosque,3.208787973130067,3.8394177143113866,-0.030550321486308984
4,bosque,3.2298143582336483,3.8570483543500638,-0.04003664458014011
4,bosque,3.220102860893561,3.849135893043206,-0.035773898515551794
4,bosque,3.219326231117639,3.8555977274567037,-0.03925448097839701
4,bosque,3.1994306608886434,3.8549016759883545,-0.03887928140460595
4,bosque,3.2249012067852747,3.862069354080503,-0.042746189380008515
4,bosque,3.21716255262735,3.844228378727734,-0.03313443085127887
4,bosque,3.2194504159607233,3.8599281162467385,-0.04159025538034111
4,bosque,3.228155279706259,3.8598951864233513,-0.041572483424070716
4,bosque,3.2125284596384076,3.8328597461080003,-0.027032837884870986
4,bosque,3.194757554580679,3.826399735137548,-0.023573774558582228
4,bosque,3.1999420008066957,3.8292885332660274,-0.025119882851707187
4,bosque,3.1996495218914776,3.831766698279065,-0.026447146772687002
4,bosque,3.1976832570940177,3.831954509674953,-0.026547770433297035
4,bosque,3.2132192301584332,3.8473186643676525,-0.03479612388397024
4,bosque,3.2005174524969777,3.8249743237511247,-0.022811312684236862
4,bosque,3.212724806866548,3.8421345039161867,-0.03200928176654183
4,bosque,3.219845024800061,3.848887487331367,-0.035640214562850936
4,bosque,3.2069647278099573,3.8269581057052524,-0.023872528065743248
4,bosque,3.2217707739512456,3.8503338000242087,-0.036418694589081424
4,bosque,3.2141533115251457,3.8536777373508175,-0.03821969382319468
4,bosque,3.2136424770953944,3.841521456117479,-0.03167997494838848
4,bosque,3.210620411240572,3.847027978815409,-0.03463976100091659
4,bosque,3.229292199262768,3.86551181710434,-0.04460592553499776
4,bosque,3.2125391823626885,3.837683914815075,-0.029619782363930147
4,bosque,3.2206768806568387,3.8523318216657647,-0.03749461391306719
4,bosque,3.218538202846912,3.8541769954785057,-0.03848872161025896
4,bosque,3.218029821589024,3.846360101824484,-0.034280547545092244
4,bosque,3.2057319798052735,3.841234824773379,-0.03152602511931413
4,bosque,3.205689447018774,3.843553176068908,-0.03277154197754184
4,bosque,3.2058943198755734,3.8427923312462595,-0.03236270095421889
4,bosque,3.2096050186088316,3.848513909779166,-0.03543918340176999
4,bosque,3.219538591301161,3.853254482488974,-0.037991648080230256
4,bosque,3.2198035360068666,3.8470490851788317,-0.03465111394289244
4,bosque,3.2153971165295974,3.851162476885024,-0.036864862977249
4,bosque,3.2298711365243227,3.865307533045321,-0.044495518059936456
4,bosque,3.2152343429621935,3.844332607478411,-0.03319045445872271
4,bosque,3.2224217574571568,3.8544512180983896,-0.038636502695124975
4,bosque,3.2245117053591357,3.858630037046444,-0.040889807466503614
4,bosque,3.2182804433314063,3.8581479733325676,-0.04062974425350374
4,bosque,3.210441288795596,3.854334788806698,-0.03857375659764295
4,bosque,3.222611590509261,3.852840463993462,-0.037768603038688564
4,bosque,3.21128580037538,3.8445115035639827,-0.03328661576808156
4,bosque,3.2182148619622484,3.8575094675915915,-0.040285333884083174
4,bosque,3.2233555591723007,3.859442831012552,-0.04132836625647229
4,bosque,3.208193505175378,3.830602961794528,-0.02582376194958469
4,bosque,3.1987903961225808,3.8266424384772617,-0.023703626466039962
4,bosque,3.192628473919329,3.8214648177818247,-0.020935265762761945
4,bosque,3.1988938812112075,3.830645353806005,-0.025846466977357485
4,bosque,3.196713442886559,3.8292973981528555,-0.025124629207165405
4,bosque,3.210775714289641,3.843168390426862,-0.032564766761675745
4,bosque,3.2044506124888086,3.833182159466176,-0.0272056295105243
4,bosque,3.205297000767277,3.835233504723407,-0.02830535143089352
4,bosque,3.2137005553072724,3.8445498427400824,-0.0333072246568924
4,bosque,3.2077107801271785,3.8305568413128275,-0.025799060250297545
4,bosque,3.2156830345887193,3.8452734530889465,-0.03369623361659424
4,bosque,3.2064407160622435,3.843286981746931,-0.03262849288326031
4,bosque,3.211921673853693,3.840014398387108,-0.03087066211795908
4,bosque,3.205662924255554,3.839788620280437,-0.030749443205827953
4,bosque,3.226191072192557,3.8606251789153476,-0.04196648997331631
4,bosque,3.2105632761551104,3.840019504085068,-0.030873403419001244
4,bosque,3.21795704398621,3.8547013796948697,-0.03877132624463653
4,bosque,3.2229883398151262,3.859318827034741,-0.04126145152767813
4,bosque,3.205337937404918,3.836040605234807,-0.028738197619997186
4,bosque,3.2116051778348726,3.8444632199059323,-0.03326066160236496
4,bosque,3.206580592875296,3.845115293760731,-0.033611201775988864
4,bosque,3.2043120999081616,3.83949443927007,-0.03059150987827719
4,bosque,3.209520095969781,3.848265332958921,-0.035305428984625964
4,bosque,3.2205479307978795,3.854254192822077,-0.03853032290340175
4,bosque,3.2192236083754406,3.847372260130696,-0.03482495491097626
4,bosque,3.218467274037581,3.8538091218997437,-0.03829048767816734
4,bosque,3.226850791033616,3.861732873158962,-0.04256449978195498
4,bosque,3.2153820779841755,3.8478068119496123,-0.03505873029399398
4,bosque,3.2205955485979283,3.856192293368957,-0.039575029425278574
4,bosque,3.2162398537206514,3.851086012022981,-0.03682368946556713
4,bosque,3.2178408788306676,3.8574143706370263,-0.04023404340842518
4,bosque,3.2102257478667195,3.8505261836151377,-0.036522267391768004
4,bosque,3.220882488292397,3.8518229906873187,-0.03722055936127755
4,bosque,3.2127387740583058,3.8450350875299564,-0.03356808151164836
4,bosque,3.2130928219464434,3.8530132759206657,-0.037861699452054864
4,bosque,3.22655412466833,3.862325186224584,-0.042884341652564384
4,xgb,3.1810502470756066,3.81035813853932,-0.015009411161652775
4,xgb,3.2093064874207893,3.8698628249771465,-0.046958859267880904
4,xgb,3.2232874323721648,3.9165907248733407,-0.07239518831987057
4,xgb,3.2000595712337363,3.8603867472794873,-0.04183779055730863
4,xgb,3.252372385693245,3.9684776683560323,-0.10099755878923089
4,xgb,3.280298018942074,4.032623221935274,-0.13687775246824652
4,xgb,3.232610425170587,3.9136972492656277,-0.07081125813778133
4,xgb,3.3084491312909288,4.0560035917834085,-0.1500987629681303
4,xgb,3.3543799977724245,4.144154068693473,-0.20063295695859784
4,xgb,3.2570902149693497,3.9575143272164905,-0.09492271615968084
4,xgb,3.345065330161529,4.116368844620873,-0.18458721077275508
4,xgb,3.4102844871631284,4.224115428470061,-0.24741231993094592
4,xgb,3.185667965687862,3.827133497106233,-0.023966379394786852
4,xgb,3.24153403522206,3.9129271097872627,-0.07038986995604501
4,xgb,3.285676577464253,3.98368142853261,-0.10944985182267675
4,xgb,3.2272627475310345,3.908170018505905,-0.06778882631621164
4,xgb,3.309044472214316,4.0331234065841715,-0.1371597942233087
4,xgb,3.3593998352686563,4.114705155969712,-0.18362986894402944
4,xgb,3.2594289422846163,3.9680347539109113,-0.10075181190548776
4,xgb,3.3394978601916305,4.101200827465727,-0.17587334871686333
4,xgb,3.410070533249654,4.190875856330419,-0.22785778146908142
4,xgb,3.2943810605678427,4.021301808373925,-0.1305032438552971
4,xgb,3.3728230453672863,4.148918989673717,-0.2033955039151003
4,xgb,3.4640629388848128,4.263790787379504,-0.2709552173854932
4,xgb,3.1995915223141105,3.853573553286808,-0.0381635581043942
4,xgb,3.2582365233881943,3.9410156859299805,-0.08581241093584469
4,xgb,3.292878200407742,4.008716081433485,-0.12343790017059963
4,xgb,3.2384862356445416,3.9394510882950975,-0.08495043907949351
4,xgb,3.312892031507427,4.036928279146023,-0.13930641291210688
4,xgb,3.3549984932756747,4.121250576332259,-0.1873985555256461
4,xgb,3.277333699927038,4.008033060769576,-0.12305510133206932
4,xgb,3.357754870336883,4.106968069337497,-0.17918277662020077
4,xgb,3.4164554480792715,4.19267746245545,-0.228913690379964
4,xgb,3.3074430973351405,4.054385040242141,-0.14918105041294072
4,xgb,3.4100469918478105,4.169833463660029,-0.2155585855510751
4,xgb,3.4542277362070926,4.236830222427735,-0.2549331661169838
4,xgb,3.2098894695035454,3.8612288255427396,-0.04229235881680116
4,xgb,3.2651250711103685,3.957824258345076,-0.09509421973143195
4,xgb,3.2734512552923087,4.00221497677803,-0.11979700121632875
4,xgb,3.242529441710232,3.9376152341541824,-0.08393946237129035
4,xgb,3.3291534566554892,4.057580861252459,-0.1509934211383417
4,xgb,3.333910394282568,4.086358790564633,-0.16737789737346676
4,xgb,3.275817806217946,3.998904356983485,-0.11794518224193995
4,xgb,3.3713315263086434,4.11090524586001,-0.1814447255917344
4,xgb,3.377964373652627,4.13203510977473,-0.19362108144670875
4,xgb,3.315962016177015,4.046595124716919,-0.1447693217749635
4,xgb,3.3983538464015846,4.144980106053066,-0.2011116392197656
4,xgb,3.399151089037357,4.1568828273716845,-0.20801976599108674
4,elastic,3.2385802199622864,3.9039968802785325,-0.06550967710959177
4,elastic,3.236953316462364,3.902350186864442,-0.06461100952034848
4,elastic,3.2357937301743696,3.9011886093076296,-0.06397731743831092
4,elastic,3.2345626846792315,3.899959749667823,-0.063307125356586
4,elastic,3.23272754351937,3.8980758201390096,-0.06228008303589205
4,elastic,3.225289616471279,3.8918968258952007,-0.05891502779653868
4,elastic,3.217932548988664,3.8850775896918104,-0.05520749605009656
4,elastic,3.2138268860351302,3.881313242925218,-0.05316365395464073
4,elastic,3.2104498441116722,3.878208078608352,-0.05147920446700893
4,elastic,3.205541762647192,3.873082865038039,-0.048701893684405695
4,elastic,3.216943575541828,3.8842393673354487,-0.054752213973394026
4,elastic,3.207206868633531,3.874817943134204,-0.049641706913093
4,elastic,3.2006445644022654,3.868192806393539,-0.04605543526285194
4,elastic,3.194510690559839,3.8614661608463847,-0.04242049438564921
4,elastic,3.1855284485961355,3.851845654498824,-0.0372327652390978
4,elastic,3.193994270188212,3.858344107614844,-0.04073555064421175
4,elastic,3.173405323095857,3.8311185610945766,-0.026099932367053436
4,elastic,3.166895628988999,3.81919273737471,-0.019721617309548245
4,elastic,3.161523478348071,3.808516476388608,-0.014028478345721851
4,elastic,3.1587262734871517,3.794609341717214,-0.0066363701979736955
5,bosque,3.425334635571074,4.074288566960349,-0.0064064987699286036
5,bosque,3.4361439546211776,4.07830670286018,-0.008392549629266055
5,bosque,3.416840736640899,4.0564883924537245,0.002368077834877358
5,bosque,3.4152748118868397,4.055081943457755,0.003059747593458728
5,bosque,3.4095553645247545,4.054428836977336,0.0033808536599602146
5,bosque,3.4080522741909447,4.0645067129163905,-0.0015797892280011716
5,bosque,3.422160152014921,4.072032765777717,-0.005292378132577991
5,bosque,3.41338346076486,4.05932953113502,0.0009701183334370755
5,bosque,3.3985263847509173,4.042778156047796,0.009100331901998104
5,bosque,3.4190219210021375,4.06508786110448,-0.0018662239336768582
5,bosque,3.405539931066224,4.056502755859761,0.002361012897742043
5,bosque,3.3955392653482073,4.048855716120411,0.006118828247547503
5,bosque,3.3986479815413513,4.051747140586061,0.00469879322920097
5,bosque,3.4033388005017016,4.054328215465879,0.0034303205932859626
5,bosque,3.4043868306355898,4.063957081014261,-0.001308925862646193
5,bosque,3.4121991121451782,4.072533222195456,-0.0055394959566754665
5,bosque,3.4025564759902207,4.059784883641501,0.000745974778779579
5,bosque,3.3985062253188554,4.05767151040174,0.0017860530665044783
5,bosque,3.4390804009801657,4.095315665978476,-0.016821282117557956
5,bosque,3.407657049992468,4.068996811041657,-0.0037939204356782774
5,bosque,3.421438310641555,4.078804123148956,-0.008638546577944384
5,bosque,3.400737211054867,4.058197525069238,0.001527230138132829
5,bosque,3.40006802402125,4.05641121217505,0.00240604011645007
5,bosque,3.399634958663193,4.055715479741672,0.002748213982196601
5,bosque,3.395433625880259,4.0532295982084845,0.003970336226995608
5,bosque,3.3809058914269356,4.0475743743216706,0.006747796067122391
5,bosque,3.4015053599751868,4.059950707623613,0.0006643430320693033
5,bosque,3.4097092648592287,4.064640086751699,-0.0016455225329417011
5,bosque,3.404426801386065,4.060301794847971,0.0004914989866838804
5,bosque,3.408707886879958,4.058253023497512,0.0014999204529985155
5,bosque,3.3967000018073,4.066777781080439,-0.0026993796840126816
5,bosque,3.3926784567770376,4.055716635601173,0.002747645558143663
5,bosque,3.3913385769677493,4.052407154267939,0.004374505510600479
5,bosque,3.4038748338168237,4.069001907462832,-0.0037964349423404986
5,bosque,3.379522682381769,4.0436427693510995,0.008676446832585838
5,bosque,3.386508697997515,4.0515334801178975,0.004803760744410801
5,bosque,3.428293043639735,4.0775155040412105,-0.00800132765340722
5,bosque,3.430797703805648,4.0796179717434695,-0.009041096410788318
5,bosque,3.4140942570677697,4.062312004447134,-0.0004984367649873978
5,bosque,3.4125604990429266,4.058105332476677,0.0015725954743872617
5,bosque,3.4101056709904722,4.060338198379897,0.00047357627818755965
5,bosque,3.408189406877173,4.063530736358626,-0.00109884474822608
5,bosque,3.422315871778523,4.069880613906561,-0.004230024139278088
5,bosque,3.4115005314320195,4.062284095718331,-0.00048468964581394047
5,bosque,3.400541773166147,4.049455995001415,0.005824102949572696
5,bosque,3.4307340554500327,4.076336142864725,-0.007418312967421015
5,bosque,3.412796937056993,4.071432187653707,-0.004995861811772917
5,bosque,3.398507092136155,4.054043828517257,0.00357012253103961
5,bosque,3.417112102297708,4.070170931807662,-0.004373299276292597
5,bosque,3.4059043731041556,4.062224961697766,-0.00045556206625163576
5,bosque,3.411258376201789,4.073030554975015,-0.005785101460791475
5,bosque,3.413511999377525,4.071076574568915,-0.004820309792571642
5,bosque,3.4108055025231465,4.071960533291814,-0.005256713329437446
5,bosque,3.3982688830463954,4.057893455941647,0.0016768499474504317
5,bosque,3.428521829096594,4.088271350106903,-0.013326240202892192
5,bosque,3.400304054786186,4.062524367533141,-0.0006030444312132843
5,bosque,3.4272148437160825,4.082422096397832,-0.010428701552037012
5,bosque,3.410371021984847,4.068303099477989,-0.003451681734747636
5,bosque,3.402005733249013,4.062080082618914,-0.0003842009294845461
5,bosque,3.4005634238689746,4.061739846416676,-0.0002166253721513911
5,bosque,3.4058004656704908,4.0632866761194215,-0.0009785941080575622
5,bosque,3.3998048182671283,4.07278023759075,-0.0056614796239693455
5,bosque,3.397326807434969,4.055854612327873,0.0026797907406211907
5,bosque,3.415676927684891,4.06718371041296,-0.002899560478551555
5,bosque,3.3931023271733283,4.052680458911514,0.004240205951642095
5,bosque,3.407519007717604,4.058199090679129,0.0015264597374132771
5,bosque,3.398420062580994,4.065376194411335,-0.00200835205289418
5,bosque,3.402946963522846,4.071600071450388,-0.005078744685294678
5,bosque,3.397735295723816,4.062749021102783,-0.0007137122036102728
5,bosque,3.4000783807412676,4.061090181706845,0.00010331312756306499
5,bosque,3.3948192125386827,4.060947388042962,0.0001736274495214296
5,bosque,3.3859195550640657,4.05271285376376,0.004224286798552468
5,bosque,3.4252905828504128,4.067754074474038,-0.0031808647006090762
5,bosque,3.4283025267630225,4.07369794714374,-0.006114737139009563
5,bosque,3.41440513876868,4.059364470367739,0.0009529206718633665
5,bosque,3.412120093753132,4.057453606883264,0.0018932615924948104
5,bosque,3.4041424304037093,4.0529594726017875,0.00410309167310885
5,bosque,3.403562163405505,4.054392711674073,0.0033986135023209574
5,bosque,3.416832136084221,4.067537086395825,-0.0030738412778110735
5,bosque,3.4101769659546055,4.0600658029092775,0.0006076820223537283
5,bosque,3.398596425508425,4.048805279005689,0.006143589903661928
5,bosque,3.42936284110505,4.072304649341737,-0.005426626364376741
5,bosque,3.4080354396276973,4.061429775640265,-6.391933017813045e-05
5,bosque,3.408211328302019,4.05936585508728,0.0009522390872167552
5,bosque,3.41622329800069,4.066618411094942,-0.0026207931159469844
5,bosque,3.4093036929511618,4.060898118566564,0.00019788810514098643
5,bosque,3.40894177719319,4.0666403722331435,-0.002631622139489087
5,bosque,3.406423583079139,4.061381743718406,-4.026524250866359e-05
5,bosque,3.404663627585802,4.063404688761444,-0.001036739079530058
5,bosque,3.3973591529052607,4.057580617586666,0.0018307730292995705
5,bosque,3.4173579392661613,4.075700463996834,-0.007104136423830454
5,bosque,3.408828988275184,4.0640739116654325,-0.001366497954586432
5,bosque,3.4181420023574827,4.070412090217459,-0.004492321424177659
5,bosque,3.4071717177753014,4.064084404928329,-0.0013716689311544794
5,bosque,3.3975694235349656,4.05951490617755,0.0008788720160425312
5,bosque,3.400184379092556,4.056934421436732,0.0021486776187418233
5,bosque,3.40654506286631,4.064226123327211,-0.0014415076696163709
5,bosque,3.3957593731332514,4.062728063880386,-0.0007033880976308193
5,bosque,3.39887439664356,4.0593034897483316,0.0009829362334441427
5,bosque,3.412302096648536,4.065360809542217,-0.0020007681357145923
5,bosque,3.3956425077217425,4.050564025989857,0.00527996644696016
5,bosque,3.4035234285939047,4.051965144346351,0.004591686227977565
5,bosque,3.405884545840987,4.069437605705509,-0.004011414324477602
5,bosque,3.396336703878795,4.0619285248196375,-0.00030955286917389024
5,bosque,3.3959357302190503,4.058012477136375,0.0016182858880936513
5,bosque,3.3961270517487483,4.055448378201558,0.002879563786212791
5,bosque,3.3934086642102375,4.054335519954735,0.003426729646382576
5,bosque,3.3905655476839027,4.05956851879496,0.0008524817434462095
5,xgb,3.436380788582523,4.072952900354009,-0.005746750107779697
5,xgb,3.428258704490402,4.091156172830769,-0.01475681938511575
5,xgb,3.439237275902106,4.113062607779514,-0.025653113101784086
5,xgb,3.436603067683525,4.099007472379386,-0.018655377285126562
5,xgb,3.4223645292982763,4.1117682712212105,-0.025007690668104043
5,xgb,3.457239722718998,4.1579244851159105,-0.04814907919195788
5,xgb,3.4390342413973647,4.114831644011988,-0.02653557363513337
5,xgb,3.445618061792283,4.143211847534765,-0.040744541544347035
5,xgb,3.479907576729651,4.197153053631014,-0.0680202203000797
5,xgb,3.441369037238919,4.130624755323268,-0.03443057588148535
5,xgb,3.450549926887564,4.160116531030659,-0.04925453291388049
5,xgb,3.486452576254501,4.219548111317923,-0.0794480551448995
5,xgb,3.4321763580348215,4.075069414804924,-0.006792296504934292
5,xgb,3.427827669649708,4.095761929984171,-0.01704289895933675
5,xgb,3.4279125961316685,4.119700135218548,-0.02896611581298081
5,xgb,3.4227707304922093,4.095507219763932,-0.01691640568644548
5,xgb,3.4196754734532364,4.1154301719141975,-0.026834227345167827
5,xgb,3.454302405013519,4.167734933334219,-0.05310104175655028
5,xgb,3.423882602834377,4.112107544630601,-0.02517685010421844
5,xgb,3.4346820359327355,4.147005470662888,-0.042651274889417
5,xgb,3.4723629229733732,4.195999911691565,-0.06743343696951487
5,xgb,3.4266138733649742,4.120841423873705,-0.029536307808441187
5,xgb,3.433395284373744,4.159303582025836,-0.048844492916956916
5,xgb,3.487120381828879,4.218786323390809,-0.07905832797715506
5,xgb,3.4210669248282506,4.059129025640476,0.0010688075538595188
5,xgb,3.390730854605331,4.063972997138955,-0.0013167689518382986
5,xgb,3.411163981269006,4.098018822751707,-0.0181640525853648
5,xgb,3.4107324858101045,4.079964268477113,-0.009212407778044218
5,xgb,3.3904591531169657,4.087650921609244,-0.013018702508788671
5,xgb,3.409793722386263,4.139284256529247,-0.03877231245969104
5,xgb,3.410390830364357,4.090071606444963,-0.014218866195962354
5,xgb,3.396915067620829,4.11467956051083,-0.026459693865296563
5,xgb,3.4262170365878513,4.165552177722536,-0.05199825556236615
5,xgb,3.41550135531393,4.1042242377347,-0.021249892034788553
5,xgb,3.407898177500485,4.141173232169071,-0.039720622942187145
5,xgb,3.438853056252408,4.182033737786022,-0.06033946598349349
5,xgb,3.4134446309537303,4.058476903645527,0.0013897496428485479
5,xgb,3.411357659871886,4.080646507935851,-0.009549950975990651
5,xgb,3.402445992644952,4.086495325076117,-0.012446013964465985
5,xgb,3.3994147737009994,4.075914860461256,-0.007210093790979144
5,xgb,3.405391295750936,4.104508142956498,-0.02139118460965439
5,xgb,3.442150305728523,4.1584733152858115,-0.048425800813556075
5,xgb,3.4074111625450807,4.102462037602932,-0.02037310741501397
5,xgb,3.417656288665979,4.137631744839052,-0.03794306729038377
5,xgb,3.4527760585960077,4.174682271776234,-0.05661486752507905
5,xgb,3.413788547321242,4.1200657675863015,-0.029148769889846937
5,xgb,3.4183143912529457,4.147649412811968,-0.042975103365215706
5,xgb,3.454511140074049,4.1789102905771935,-0.0587561800687153
5,elastic,3.5523975616926418,4.240476444560827,-0.09018241443904507
5,elastic,3.551789495449503,4.2395655806128465,-0.0897141174347591
5,elastic,3.5513669448349843,4.238933352411829,-0.08938913289893224
5,elastic,3.5509307436145,4.238275816030572,-0.0890511906044762
5,elastic,3.550309594460536,4.237302639896644,-0.0885511207669556
5,elastic,3.5447413288236413,4.22995260366244,-0.08477798881143128
5,elastic,3.5411799155073576,4.2247280569748265,-0.08209995728613695
5,elastic,3.538404535727928,4.220734622071702,-0.08005520869073735
5,elastic,3.535279652023717,4.216320521764633,-0.0777973178199669
5,elastic,3.532483704972931,4.212590244317903,-0.07589105642529903
5,elastic,3.5401279478315133,4.22293566690983,-0.08118196505122754
5,elastic,3.533562944165466,4.2136983344406,-0.07645714093915479
5,elastic,3.5297609507986265,4.208801095885783,-0.07395643795564655
5,elastic,3.526037222309396,4.2041638895512525,-0.07159119714483864
5,elastic,3.520438125227367,4.1977081899843345,-0.06830276232441701
5,elastic,3.5226182492370115,4.197577841926794,-0.0682364170609524
5,elastic,3.500157805776514,4.173360121163257,-0.055945699102930124
5,elastic,3.490310262404994,4.161093495706707,-0.049747406117305104
5,elastic,3.4838067982776044,4.150005865819231,-0.044160555529268786
5,elastic,3.47645079348204,4.1370047086944375,-0.03762850159453501
